company;link;pagesCut;lastPage;iterable;type;classWaite
shopify;https://www.shopify.ca/careers/search;;;;html;
square;https://careers.squareup.com/ca/en/jobs;;;;html;
clearbanc;https://boards.greenhouse.io/clearbanc;;;;html;
northone;https://boards.greenhouse.io/northone;;;;html;
league;https://league.com/ca/careers-at-league/jobs/;;;;html;
loblawdigital;https://loblawdigital.co/careers;;;;js;job-title
klick;https://jobs.lever.co/klick;;;;html;
later;https://later.com/careers/#positions;;;;js;lever-job-title
uber;https://www.uber.com/us/en/careers/list/?location=CAN-Ontario-Toronto;;;;html;
doordash;https://www.doordash.com/careers/;;;;html;
glu;https://www.glu.com/jobs-at-glu/;;;;js;lever-job-title
yelp;https://www.yelp.careers/us/en/search-results;;;;js;au-target
coinsquare;https://coinsquare.com/careers;;;;html;
remine;https://info.remine.com/careers;;;;js;lever-job-title
appnovation;https://www.appnovation.com/careers#views-exposed-form-careers-listing-block-2;;;;html;
koho;https://jobs.lever.co/koho;;;;html;
walmart;http://careers.walmart.ca/search-jobs.aspx;;;;html;
google;https://careers.google.com/jobs/results/?company=Google&company=Google%20Fiber&company=YouTube&employment_type=FULL_TIME&employment_type=PART_TIME&employment_type=TEMPORARY&employment_type=INTERN&hl=en_US&jlo=en_US&q=&sort_by=relevance;;;;html;
scotiabank;https://jobs.scotiabank.com/search/?q=&locationsearch=Toronto;&startrow=25;&startrow=200;;html;
loblaw;https://www.loblaw.ca/en/find-jobs?;;;;js;link
Ernest & young;https://eygbl.referrals.selectminds.com/experienced-opportunities/jobs/search/98251636/;page1;page19;;js;job_link font_bold
ADP;https://jobs.adp.com/locations/canada/job-search-results/?language=en&location=Canada&country=CA&radius=25;&pg=3;pg=5;js;jobCategory
Facebook;https://www.facebook.com/careers/jobs/;?page=1&results_per_page=100&offices[0]=Altoona%2C%20IA&offices[1]=Ashburn%2C%20VA&offices[2]=Atlanta%2C%20GA&offices[3]=Austin%2C%20TX&offices[4]=Boston%2C%20MA&offices[5]=Chicago%2C%20IL&offices[6]=Dallas%2C%20TX&offices[7]=DeKalb%2C%20IL&offices[8]=Denver%2C%20CO&offices[9]=Detroit%2C%20MI&offices[10]=Eagle%20Mountain%2C%20Utah&offices[11]=Forest%20City%2C%20NC&offices[12]=Fort%20Worth%2C%20TX&offices[13]=Fremont%2C%20CA&offices[14]=Gallatin%2C%20TN&offices[15]=Henrico%2C%20VA&offices[16]=Huntsville%2C%20AL&offices[17]=Los%20Angeles%2C%20CA&offices[18]=Los%20Lunas%2C%20NM&offices[19]=Menlo%20Park%2C%20CA&offices[20]=Miami%2C%20Florida&offices[21]=Montreal%2C%20Canada&offices[22]=Mountain%20View%2C%20CA&offices[23]=New%20Albany%2C%20OH&offices[24]=New%20York%2C%20NY&offices[25]=Newton%20County%2C%20GA&offices[26]=Northridge%2C%20CA&offices[27]=Papillion%2C%20NE&offices[28]=Pittsburgh%2C%20PA&offices[29]=Prineville%2C%20OR&offices[30]=Redmond%2C%20WA&offices[31]=Remote%2C%20US%20Eastern%2C%20Mountain%20%26%20Central%20Regions&offices[32]=Remote%2C%20US%20Western%2C%20Mountain%20%26%20Central%20Regions&offices[33]=Reston%2C%20VA&offices[34]=San%20Francisco%2C%20CA&offices[35]=Santa%20Clara%2C%20CA&offices[36]=Sausalito%2C%20CA&offices[37]=Seattle%2C%20WA&offices[38]=Sunnyvale%2C%20CA&offices[39]=Toronto%2C%20Canada&offices[40]=Vancouver%2C%20Canada&offices[41]=Washington%2C%20DC#search_result;?page=13;;html;
Cisco;https://jobs.cisco.com/jobs/SearchJobs/?listFilterMode=1&21178=%5B207800%5D&21178_format=6020&21179=%5B12229363%5D&21179_format=6021;&projectOffset=0;&projectOffset=25;;html;
Manulife;https://jobs.manulife.com/en-us/ListJobs?Country=CA;1;5;click;js;JobTitle-cell
Oracle;https://oracle.taleo.net/careersection/2/jobsearch.ftl?lang=en;1;2;click;js;multiline-data-container
Faire;https://www.faire.com/careers;;;;html;
Mightyhive;https://mightyhive.com/current-openings/#officeid-58444;;;;html;
Snowflake;https://careers.snowflake.com/us/en/search-results?s=1;?from=10&s=1;;;js;au-target
Skylight;https://skylight.com/about-us/careers/#openings;;;;html;
Okta;https://www.okta.com/company/careers/#careers-job-postings;;;click;js;field-content
Bolt;https://www.bolt.com/careers/;;;;html;
opentext;https://careers.opentext.com/go/Canada/2618117/?q=&sortColumn=referencedate&sortDirection=desc;25;https://careers.opentext.com/go/Canada/2618117/100/?q=&sortColumn=referencedate&sortDirection=desc;;js;
sage;https://www.sage.com/en-ca/company/careers/career-search/?country=Canada&page=1;page=2;page=4;js;
ecobee;https://www.ecobee.com/en-us/careers/job-board/;;;;js;
sensibill;https://www.linkedin.com/careersite/sensibill;;;;js;
wattpad;https://company.wattpad.com/work-at-wattpad;;;;js;
loopio;https://loopio.com/careers/;;;;js;
rubikloud.ai;https://www.kinaxis.com/en/open-positions;;;;js;
mavencare;https://corporate.mavencare.com/jobs;;;;js;
